run_name,task_name,behavior,case_id,intervention,scale,predicted_label,expected_label,correct,expected_logprob,best_logprob,margin
early_heads_L2@0,recency_bias,recency_bias,recency_001,"head_mask:head:L2:H0,1,2,3:early_heads_L2",0.0,A,A,1,-63.93253445252776,-63.93253445252776,0.05774688720703125
early_heads_L2@0,recency_bias,recency_bias,recency_002,"head_mask:head:L2:H0,1,2,3:early_heads_L2",0.0,B,A,0,-68.36667382717133,-65.1290534734726,-3.2376203536987305
early_heads_L2@0,recency_bias,recency_bias,recency_003,"head_mask:head:L2:H0,1,2,3:early_heads_L2",0.0,B,A,0,-65.944769077003,-61.71953599900007,-4.22523307800293
early_heads_L2@0,recency_bias,recency_bias,recency_004,"head_mask:head:L2:H0,1,2,3:early_heads_L2",0.0,A,A,1,-64.29024517536163,-64.29024517536163,0.6840982437133789
early_heads_L2@0,capitalization,capitalization,caps_001,"head_mask:head:L2:H0,1,2,3:early_heads_L2",0.0,A,A,1,-48.02384440600872,-48.02384440600872,0.03537386655807495
early_heads_L2@0,capitalization,capitalization,caps_002,"head_mask:head:L2:H0,1,2,3:early_heads_L2",0.0,A,A,1,-51.54287576675415,-51.54287576675415,4.409262512053829
early_heads_L2@0,capitalization,capitalization,caps_003,"head_mask:head:L2:H0,1,2,3:early_heads_L2",0.0,A,A,1,-57.73979762458475,-57.73979762458475,0.7565393447875977
early_heads_L2@0,capitalization,capitalization,caps_004,"head_mask:head:L2:H0,1,2,3:early_heads_L2",0.0,B,A,0,-53.28812955545436,-50.14818357156764,-3.1399459838867188
early_heads_L2@0,induction,induction,induction_001,"head_mask:head:L2:H0,1,2,3:early_heads_L2",0.0,A,A,1,-58.8534233361861,-58.8534233361861,5.056809067726135
early_heads_L2@0,induction,induction,induction_002,"head_mask:head:L2:H0,1,2,3:early_heads_L2",0.0,A,A,1,-56.269468415295705,-56.269468415295705,2.0449256896972656
early_heads_L2@0,induction,induction,induction_003,"head_mask:head:L2:H0,1,2,3:early_heads_L2",0.0,A,A,1,-60.06917337747291,-60.06917337747291,2.6520166397094727
early_heads_L2@0,induction,induction,induction_004,"head_mask:head:L2:H0,1,2,3:early_heads_L2",0.0,A,A,1,-53.41511550187715,-53.41511550187715,13.315793991088867
early_heads_L2@0,coreference,coreference,coref_001,"head_mask:head:L2:H0,1,2,3:early_heads_L2",0.0,B,A,0,-48.250206443757634,-47.67952248761139,-0.5706839561462402
early_heads_L2@0,coreference,coreference,coref_002,"head_mask:head:L2:H0,1,2,3:early_heads_L2",0.0,A,A,1,-51.620644215494394,-51.620644215494394,9.99830412864685
early_heads_L2@0,coreference,coreference,coref_003,"head_mask:head:L2:H0,1,2,3:early_heads_L2",0.0,A,A,1,-44.255677563138306,-44.255677563138306,11.956866264343262
early_heads_L2@0,coreference,coreference,coref_004,"head_mask:head:L2:H0,1,2,3:early_heads_L2",0.0,A,A,1,-57.59291943907738,-57.59291943907738,6.145935535430908
early_heads_L2@0,syntax_agreement,syntax_agreement,syntax_001,"head_mask:head:L2:H0,1,2,3:early_heads_L2",0.0,B,A,0,-57.96710486989468,-57.837847667746246,-0.1292572021484375
early_heads_L2@0,syntax_agreement,syntax_agreement,syntax_002,"head_mask:head:L2:H0,1,2,3:early_heads_L2",0.0,A,A,1,-52.29640464298427,-52.29640464298427,13.005948225036263
early_heads_L2@0,syntax_agreement,syntax_agreement,syntax_003,"head_mask:head:L2:H0,1,2,3:early_heads_L2",0.0,B,A,0,-57.473317028954625,-56.73295676894486,-0.7403602600097656
early_heads_L2@0,syntax_agreement,syntax_agreement,syntax_004,"head_mask:head:L2:H0,1,2,3:early_heads_L2",0.0,B,A,0,-61.70527479425073,-61.28413889184594,-0.42113590240478516
early_heads_L2@0.5,recency_bias,recency_bias,recency_001,"head_mask:head:L2:H0,1,2,3:early_heads_L2",0.5,B,A,0,-64.80699145048857,-64.05354773253202,-0.753443717956543
early_heads_L2@0.5,recency_bias,recency_bias,recency_002,"head_mask:head:L2:H0,1,2,3:early_heads_L2",0.5,B,A,0,-68.86897846311331,-65.14659114927053,-3.7223873138427734
early_heads_L2@0.5,recency_bias,recency_bias,recency_003,"head_mask:head:L2:H0,1,2,3:early_heads_L2",0.5,B,A,0,-64.8922692835331,-62.1191922724247,-2.7730770111083984
early_heads_L2@0.5,recency_bias,recency_bias,recency_004,"head_mask:head:L2:H0,1,2,3:early_heads_L2",0.5,A,A,1,-63.797663524746895,-63.797663524746895,0.31249237060546875
early_heads_L2@0.5,capitalization,capitalization,caps_001,"head_mask:head:L2:H0,1,2,3:early_heads_L2",0.5,B,A,0,-49.41454902291298,-49.1897911131382,-0.22475790977478027
early_heads_L2@0.5,capitalization,capitalization,caps_002,"head_mask:head:L2:H0,1,2,3:early_heads_L2",0.5,A,A,1,-51.228159631602466,-51.228159631602466,6.3309547054814175
early_heads_L2@0.5,capitalization,capitalization,caps_003,"head_mask:head:L2:H0,1,2,3:early_heads_L2",0.5,A,A,1,-54.95066543936264,-54.95066543936264,0.920729398727417
early_heads_L2@0.5,capitalization,capitalization,caps_004,"head_mask:head:L2:H0,1,2,3:early_heads_L2",0.5,B,A,0,-53.29393719002837,-50.60937784478301,-2.6845593452453613
early_heads_L2@0.5,induction,induction,induction_001,"head_mask:head:L2:H0,1,2,3:early_heads_L2",0.5,A,A,1,-59.650488428538665,-59.650488428538665,4.797414839267731
early_heads_L2@0.5,induction,induction,induction_002,"head_mask:head:L2:H0,1,2,3:early_heads_L2",0.5,A,A,1,-54.040728390798904,-54.040728390798904,2.287698268890381
early_heads_L2@0.5,induction,induction,induction_003,"head_mask:head:L2:H0,1,2,3:early_heads_L2",0.5,A,A,1,-59.56353532670619,-59.56353532670619,3.1200637817382812
early_heads_L2@0.5,induction,induction,induction_004,"head_mask:head:L2:H0,1,2,3:early_heads_L2",0.5,A,A,1,-52.34675857736147,-52.34675857736147,14.053253650665283
early_heads_L2@0.5,coreference,coreference,coref_001,"head_mask:head:L2:H0,1,2,3:early_heads_L2",0.5,B,A,0,-53.61794704510248,-53.314444962277776,-0.30350208282470703
early_heads_L2@0.5,coreference,coreference,coref_002,"head_mask:head:L2:H0,1,2,3:early_heads_L2",0.5,A,A,1,-53.011626571416855,-53.011626571416855,9.482316255569458
early_heads_L2@0.5,coreference,coreference,coref_003,"head_mask:head:L2:H0,1,2,3:early_heads_L2",0.5,A,A,1,-45.7640305631794,-45.7640305631794,12.702819347381592
early_heads_L2@0.5,coreference,coreference,coref_004,"head_mask:head:L2:H0,1,2,3:early_heads_L2",0.5,A,A,1,-57.05091708153486,-57.05091708153486,5.5912628173828125
early_heads_L2@0.5,syntax_agreement,syntax_agreement,syntax_001,"head_mask:head:L2:H0,1,2,3:early_heads_L2",0.5,A,A,1,-58.44897827040404,-58.44897827040404,0.4473590850830078
early_heads_L2@0.5,syntax_agreement,syntax_agreement,syntax_002,"head_mask:head:L2:H0,1,2,3:early_heads_L2",0.5,A,A,1,-52.53286363184452,-52.53286363184452,13.00983976200223
early_heads_L2@0.5,syntax_agreement,syntax_agreement,syntax_003,"head_mask:head:L2:H0,1,2,3:early_heads_L2",0.5,B,A,0,-57.63811748824082,-56.04533356032334,-1.5927839279174805
early_heads_L2@0.5,syntax_agreement,syntax_agreement,syntax_004,"head_mask:head:L2:H0,1,2,3:early_heads_L2",0.5,B,A,0,-61.15738270804286,-60.93075058981776,-0.22663211822509766
early_heads_L2@1,recency_bias,recency_bias,recency_001,"head_mask:head:L2:H0,1,2,3:early_heads_L2",1.0,B,A,0,-65.42438961565495,-64.4944665580988,-0.9299230575561523
early_heads_L2@1,recency_bias,recency_bias,recency_002,"head_mask:head:L2:H0,1,2,3:early_heads_L2",1.0,B,A,0,-68.91151515394449,-65.00925151258707,-3.902263641357422
early_heads_L2@1,recency_bias,recency_bias,recency_003,"head_mask:head:L2:H0,1,2,3:early_heads_L2",1.0,B,A,0,-65.09561682492495,-62.01023817807436,-3.085378646850586
early_heads_L2@1,recency_bias,recency_bias,recency_004,"head_mask:head:L2:H0,1,2,3:early_heads_L2",1.0,A,A,1,-63.49947588145733,-63.49947588145733,0.59375
early_heads_L2@1,capitalization,capitalization,caps_001,"head_mask:head:L2:H0,1,2,3:early_heads_L2",1.0,B,A,0,-49.42946793884039,-49.294054709374905,-0.13541322946548462
early_heads_L2@1,capitalization,capitalization,caps_002,"head_mask:head:L2:H0,1,2,3:early_heads_L2",1.0,A,A,1,-53.66312364023179,-53.66312364023179,5.071596838533878
early_heads_L2@1,capitalization,capitalization,caps_003,"head_mask:head:L2:H0,1,2,3:early_heads_L2",1.0,A,A,1,-55.017660405283095,-55.017660405283095,1.0010238885879517
early_heads_L2@1,capitalization,capitalization,caps_004,"head_mask:head:L2:H0,1,2,3:early_heads_L2",1.0,B,A,0,-53.9323884149926,-51.41062032188347,-2.521768093109131
early_heads_L2@1,induction,induction,induction_001,"head_mask:head:L2:H0,1,2,3:early_heads_L2",1.0,A,A,1,-59.631591418452444,-59.631591418452444,5.174496650695801
early_heads_L2@1,induction,induction,induction_002,"head_mask:head:L2:H0,1,2,3:early_heads_L2",1.0,A,A,1,-54.987834061612375,-54.987834061612375,2.3286094665527344
early_heads_L2@1,induction,induction,induction_003,"head_mask:head:L2:H0,1,2,3:early_heads_L2",1.0,A,A,1,-59.14833950915272,-59.14833950915272,4.001177787780762
early_heads_L2@1,induction,induction,induction_004,"head_mask:head:L2:H0,1,2,3:early_heads_L2",1.0,A,A,1,-52.77636616144446,-52.77636616144446,14.662117004394531
early_heads_L2@1,coreference,coreference,coref_001,"head_mask:head:L2:H0,1,2,3:early_heads_L2",1.0,A,A,1,-53.72866671974771,-53.72866671974771,0.27614927291870117
early_heads_L2@1,coreference,coreference,coref_002,"head_mask:head:L2:H0,1,2,3:early_heads_L2",1.0,A,A,1,-51.95556243136525,-51.95556243136525,9.913208246231079
early_heads_L2@1,coreference,coreference,coref_003,"head_mask:head:L2:H0,1,2,3:early_heads_L2",1.0,A,A,1,-47.53877550456673,-47.53877550456673,13.554600238800049
early_heads_L2@1,coreference,coreference,coref_004,"head_mask:head:L2:H0,1,2,3:early_heads_L2",1.0,A,A,1,-56.73518734797835,-56.73518734797835,5.724215030670166
early_heads_L2@1,syntax_agreement,syntax_agreement,syntax_001,"head_mask:head:L2:H0,1,2,3:early_heads_L2",1.0,A,A,1,-59.25832949555479,-59.25832949555479,0.4682188034057617
early_heads_L2@1,syntax_agreement,syntax_agreement,syntax_002,"head_mask:head:L2:H0,1,2,3:early_heads_L2",1.0,A,A,1,-54.745100307278335,-54.745100307278335,12.729162400122732
early_heads_L2@1,syntax_agreement,syntax_agreement,syntax_003,"head_mask:head:L2:H0,1,2,3:early_heads_L2",1.0,B,A,0,-59.880358974216506,-58.88070801901631,-0.9996509552001953
early_heads_L2@1,syntax_agreement,syntax_agreement,syntax_004,"head_mask:head:L2:H0,1,2,3:early_heads_L2",1.0,B,A,0,-63.14336550049484,-61.507207510992885,-1.6361579895019531
early_heads_L2@1.5,recency_bias,recency_bias,recency_001,"head_mask:head:L2:H0,1,2,3:early_heads_L2",1.5,B,A,0,-64.46605539694428,-63.448973182588816,-1.0170822143554688
early_heads_L2@1.5,recency_bias,recency_bias,recency_002,"head_mask:head:L2:H0,1,2,3:early_heads_L2",1.5,B,A,0,-70.06180429458618,-65.95250272750854,-4.109301567077637
early_heads_L2@1.5,recency_bias,recency_bias,recency_003,"head_mask:head:L2:H0,1,2,3:early_heads_L2",1.5,B,A,0,-65.4089777097106,-61.999074183404446,-3.4099035263061523
early_heads_L2@1.5,recency_bias,recency_bias,recency_004,"head_mask:head:L2:H0,1,2,3:early_heads_L2",1.5,A,A,1,-64.40954783558846,-64.40954783558846,0.8543357849121094
early_heads_L2@1.5,capitalization,capitalization,caps_001,"head_mask:head:L2:H0,1,2,3:early_heads_L2",1.5,A,A,1,-48.797189965844154,-48.797189965844154,0.1506648063659668
early_heads_L2@1.5,capitalization,capitalization,caps_002,"head_mask:head:L2:H0,1,2,3:early_heads_L2",1.5,A,A,1,-53.94866901944624,-53.94866901944624,6.261485948329209
early_heads_L2@1.5,capitalization,capitalization,caps_003,"head_mask:head:L2:H0,1,2,3:early_heads_L2",1.5,A,A,1,-55.06838785338914,-55.06838785338914,1.4593924283981323
early_heads_L2@1.5,capitalization,capitalization,caps_004,"head_mask:head:L2:H0,1,2,3:early_heads_L2",1.5,B,A,0,-54.29351794585091,-51.350151418293535,-2.943366527557373
early_heads_L2@1.5,induction,induction,induction_001,"head_mask:head:L2:H0,1,2,3:early_heads_L2",1.5,A,A,1,-60.51943036465673,-60.51943036465673,4.022433161735535
early_heads_L2@1.5,induction,induction,induction_002,"head_mask:head:L2:H0,1,2,3:early_heads_L2",1.5,A,A,1,-54.427105587674305,-54.427105587674305,2.9749650955200195
early_heads_L2@1.5,induction,induction,induction_003,"head_mask:head:L2:H0,1,2,3:early_heads_L2",1.5,A,A,1,-59.69204974040622,-59.69204974040622,3.9974794387817383
early_heads_L2@1.5,induction,induction,induction_004,"head_mask:head:L2:H0,1,2,3:early_heads_L2",1.5,A,A,1,-53.150443497579545,-53.150443497579545,14.280417919158936
early_heads_L2@1.5,coreference,coreference,coref_001,"head_mask:head:L2:H0,1,2,3:early_heads_L2",1.5,B,A,0,-53.86834399134386,-53.017550629680045,-0.8507933616638184
early_heads_L2@1.5,coreference,coreference,coref_002,"head_mask:head:L2:H0,1,2,3:early_heads_L2",1.5,A,A,1,-52.38776385039091,-52.38776385039091,9.799070358276367
early_heads_L2@1.5,coreference,coreference,coref_003,"head_mask:head:L2:H0,1,2,3:early_heads_L2",1.5,A,A,1,-46.37007142510265,-46.37007142510265,13.466100215911865
early_heads_L2@1.5,coreference,coreference,coref_004,"head_mask:head:L2:H0,1,2,3:early_heads_L2",1.5,A,A,1,-55.88220990775153,-55.88220990775153,5.803374290466309
early_heads_L2@1.5,syntax_agreement,syntax_agreement,syntax_001,"head_mask:head:L2:H0,1,2,3:early_heads_L2",1.5,B,A,0,-59.89235506928526,-59.265463933115825,-0.6268911361694336
early_heads_L2@1.5,syntax_agreement,syntax_agreement,syntax_002,"head_mask:head:L2:H0,1,2,3:early_heads_L2",1.5,A,A,1,-52.78946746420115,-52.78946746420115,13.73062800290063
early_heads_L2@1.5,syntax_agreement,syntax_agreement,syntax_003,"head_mask:head:L2:H0,1,2,3:early_heads_L2",1.5,B,A,0,-57.58188965579029,-57.13911011477467,-0.442779541015625
early_heads_L2@1.5,syntax_agreement,syntax_agreement,syntax_004,"head_mask:head:L2:H0,1,2,3:early_heads_L2",1.5,B,A,0,-63.119220934808254,-61.38739510625601,-1.731825828552246
mid_heads_L12@0,recency_bias,recency_bias,recency_001,"head_mask:head:L12:H0,1,2,3:mid_heads_L12",0.0,B,A,0,-65.26491032168269,-64.90901718661189,-0.3558931350708008
mid_heads_L12@0,recency_bias,recency_bias,recency_002,"head_mask:head:L12:H0,1,2,3:mid_heads_L12",0.0,B,A,0,-68.77937895804644,-64.84413630515337,-3.9352426528930664
mid_heads_L12@0,recency_bias,recency_bias,recency_003,"head_mask:head:L12:H0,1,2,3:mid_heads_L12",0.0,B,A,0,-65.19928306899965,-61.810859149321914,-3.3884239196777344
mid_heads_L12@0,recency_bias,recency_bias,recency_004,"head_mask:head:L12:H0,1,2,3:mid_heads_L12",0.0,A,A,1,-63.67653602361679,-63.67653602361679,0.7387943267822266
mid_heads_L12@0,capitalization,capitalization,caps_001,"head_mask:head:L12:H0,1,2,3:mid_heads_L12",0.0,B,A,0,-49.114454101771116,-48.93251658603549,-0.18193751573562622
mid_heads_L12@0,capitalization,capitalization,caps_002,"head_mask:head:L12:H0,1,2,3:mid_heads_L12",0.0,A,A,1,-53.24473051400855,-53.24473051400855,5.470129705558065
mid_heads_L12@0,capitalization,capitalization,caps_003,"head_mask:head:L12:H0,1,2,3:mid_heads_L12",0.0,A,A,1,-54.816498461412266,-54.816498461412266,0.9374220371246338
mid_heads_L12@0,capitalization,capitalization,caps_004,"head_mask:head:L12:H0,1,2,3:mid_heads_L12",0.0,B,A,0,-53.4481056802033,-51.04038559124456,-2.4077200889587402
mid_heads_L12@0,induction,induction,induction_001,"head_mask:head:L12:H0,1,2,3:mid_heads_L12",0.0,A,A,1,-58.88798913676874,-58.88798913676874,4.846834421157837
mid_heads_L12@0,induction,induction,induction_002,"head_mask:head:L12:H0,1,2,3:mid_heads_L12",0.0,A,A,1,-54.491012038313784,-54.491012038313784,2.4026994705200195
mid_heads_L12@0,induction,induction,induction_003,"head_mask:head:L12:H0,1,2,3:mid_heads_L12",0.0,A,A,1,-58.74969744400005,-58.74969744400005,5.138686180114746
mid_heads_L12@0,induction,induction,induction_004,"head_mask:head:L12:H0,1,2,3:mid_heads_L12",0.0,A,A,1,-52.305361535487464,-52.305361535487464,14.662846088409424
mid_heads_L12@0,coreference,coreference,coref_001,"head_mask:head:L12:H0,1,2,3:mid_heads_L12",0.0,A,A,1,-51.23733042832464,-51.23733042832464,0.03971672058105469
mid_heads_L12@0,coreference,coreference,coref_002,"head_mask:head:L12:H0,1,2,3:mid_heads_L12",0.0,A,A,1,-52.790241656824946,-52.790241656824946,10.35946011543274
mid_heads_L12@0,coreference,coreference,coref_003,"head_mask:head:L12:H0,1,2,3:mid_heads_L12",0.0,A,A,1,-46.82076903805137,-46.82076903805137,13.846297264099121
mid_heads_L12@0,coreference,coreference,coref_004,"head_mask:head:L12:H0,1,2,3:mid_heads_L12",0.0,A,A,1,-57.68439531046897,-57.68439531046897,5.686281681060791
mid_heads_L12@0,syntax_agreement,syntax_agreement,syntax_001,"head_mask:head:L12:H0,1,2,3:mid_heads_L12",0.0,A,A,1,-58.48004700848833,-58.48004700848833,0.39662837982177734
mid_heads_L12@0,syntax_agreement,syntax_agreement,syntax_002,"head_mask:head:L12:H0,1,2,3:mid_heads_L12",0.0,A,A,1,-54.26603061053902,-54.26603061053902,12.304277480114251
mid_heads_L12@0,syntax_agreement,syntax_agreement,syntax_003,"head_mask:head:L12:H0,1,2,3:mid_heads_L12",0.0,B,A,0,-59.24829918704927,-57.66746956668794,-1.5808296203613281
mid_heads_L12@0,syntax_agreement,syntax_agreement,syntax_004,"head_mask:head:L12:H0,1,2,3:mid_heads_L12",0.0,B,A,0,-62.84091132320464,-61.418707305565476,-1.4222040176391602
mid_heads_L12@0.5,recency_bias,recency_bias,recency_001,"head_mask:head:L12:H0,1,2,3:mid_heads_L12",0.5,B,A,0,-64.59835255518556,-63.61071980372071,-0.9876327514648438
mid_heads_L12@0.5,recency_bias,recency_bias,recency_002,"head_mask:head:L12:H0,1,2,3:mid_heads_L12",0.5,B,A,0,-68.34710139036179,-64.29741209745407,-4.049689292907715
mid_heads_L12@0.5,recency_bias,recency_bias,recency_003,"head_mask:head:L12:H0,1,2,3:mid_heads_L12",0.5,B,A,0,-65.05277593061328,-61.59382874891162,-3.45894718170166
mid_heads_L12@0.5,recency_bias,recency_bias,recency_004,"head_mask:head:L12:H0,1,2,3:mid_heads_L12",0.5,A,A,1,-63.50548604130745,-63.50548604130745,0.1818256378173828
mid_heads_L12@0.5,capitalization,capitalization,caps_001,"head_mask:head:L12:H0,1,2,3:mid_heads_L12",0.5,B,A,0,-49.56160536594689,-49.32606962509453,-0.23553574085235596
mid_heads_L12@0.5,capitalization,capitalization,caps_002,"head_mask:head:L12:H0,1,2,3:mid_heads_L12",0.5,A,A,1,-53.823507488006726,-53.823507488006726,5.029909695498645
mid_heads_L12@0.5,capitalization,capitalization,caps_003,"head_mask:head:L12:H0,1,2,3:mid_heads_L12",0.5,A,A,1,-54.92641310574254,-54.92641310574254,0.9048631191253662
mid_heads_L12@0.5,capitalization,capitalization,caps_004,"head_mask:head:L12:H0,1,2,3:mid_heads_L12",0.5,B,A,0,-54.20012675727776,-51.67737280334404,-2.522753953933716
mid_heads_L12@0.5,induction,induction,induction_001,"head_mask:head:L12:H0,1,2,3:mid_heads_L12",0.5,A,A,1,-58.87987064331537,-58.87987064331537,5.446858763694763
mid_heads_L12@0.5,induction,induction,induction_002,"head_mask:head:L12:H0,1,2,3:mid_heads_L12",0.5,A,A,1,-54.27997273206711,-54.27997273206711,2.419194221496582
mid_heads_L12@0.5,induction,induction,induction_003,"head_mask:head:L12:H0,1,2,3:mid_heads_L12",0.5,A,A,1,-59.01590096779182,-59.01590096779182,4.174080848693848
mid_heads_L12@0.5,induction,induction,induction_004,"head_mask:head:L12:H0,1,2,3:mid_heads_L12",0.5,A,A,1,-52.52936715207761,-52.52936715207761,14.544350147247314
mid_heads_L12@0.5,coreference,coreference,coref_001,"head_mask:head:L12:H0,1,2,3:mid_heads_L12",0.5,A,A,1,-53.20680029480718,-53.20680029480718,0.253267765045166
mid_heads_L12@0.5,coreference,coreference,coref_002,"head_mask:head:L12:H0,1,2,3:mid_heads_L12",0.5,A,A,1,-51.78381884843111,-51.78381884843111,10.153514385223389
mid_heads_L12@0.5,coreference,coreference,coref_003,"head_mask:head:L12:H0,1,2,3:mid_heads_L12",0.5,A,A,1,-47.45019803708419,-47.45019803708419,13.727611064910889
mid_heads_L12@0.5,coreference,coreference,coref_004,"head_mask:head:L12:H0,1,2,3:mid_heads_L12",0.5,A,A,1,-56.72797543136403,-56.72797543136403,5.824239253997803
mid_heads_L12@0.5,syntax_agreement,syntax_agreement,syntax_001,"head_mask:head:L12:H0,1,2,3:mid_heads_L12",0.5,A,A,1,-59.91444160719402,-59.91444160719402,0.2921142578125
mid_heads_L12@0.5,syntax_agreement,syntax_agreement,syntax_002,"head_mask:head:L12:H0,1,2,3:mid_heads_L12",0.5,A,A,1,-54.19537690561265,-54.19537690561265,11.933665092568845
mid_heads_L12@0.5,syntax_agreement,syntax_agreement,syntax_003,"head_mask:head:L12:H0,1,2,3:mid_heads_L12",0.5,B,A,0,-59.530267836526036,-58.51528370566666,-1.014984130859375
mid_heads_L12@0.5,syntax_agreement,syntax_agreement,syntax_004,"head_mask:head:L12:H0,1,2,3:mid_heads_L12",0.5,B,A,0,-62.12199883535504,-60.75115494802594,-1.3708438873291016
mid_heads_L12@1,recency_bias,recency_bias,recency_001,"head_mask:head:L12:H0,1,2,3:mid_heads_L12",1.0,B,A,0,-65.42438961565495,-64.4944665580988,-0.9299230575561523
mid_heads_L12@1,recency_bias,recency_bias,recency_002,"head_mask:head:L12:H0,1,2,3:mid_heads_L12",1.0,B,A,0,-68.91151515394449,-65.00925151258707,-3.902263641357422
mid_heads_L12@1,recency_bias,recency_bias,recency_003,"head_mask:head:L12:H0,1,2,3:mid_heads_L12",1.0,B,A,0,-65.09561682492495,-62.01023817807436,-3.085378646850586
mid_heads_L12@1,recency_bias,recency_bias,recency_004,"head_mask:head:L12:H0,1,2,3:mid_heads_L12",1.0,A,A,1,-63.49947588145733,-63.49947588145733,0.59375
mid_heads_L12@1,capitalization,capitalization,caps_001,"head_mask:head:L12:H0,1,2,3:mid_heads_L12",1.0,B,A,0,-49.42946793884039,-49.294054709374905,-0.13541322946548462
mid_heads_L12@1,capitalization,capitalization,caps_002,"head_mask:head:L12:H0,1,2,3:mid_heads_L12",1.0,A,A,1,-53.66312364023179,-53.66312364023179,5.071596838533878
mid_heads_L12@1,capitalization,capitalization,caps_003,"head_mask:head:L12:H0,1,2,3:mid_heads_L12",1.0,A,A,1,-55.017660405283095,-55.017660405283095,1.0010238885879517
mid_heads_L12@1,capitalization,capitalization,caps_004,"head_mask:head:L12:H0,1,2,3:mid_heads_L12",1.0,B,A,0,-53.9323884149926,-51.41062032188347,-2.521768093109131
mid_heads_L12@1,induction,induction,induction_001,"head_mask:head:L12:H0,1,2,3:mid_heads_L12",1.0,A,A,1,-59.631591418452444,-59.631591418452444,5.174496650695801
mid_heads_L12@1,induction,induction,induction_002,"head_mask:head:L12:H0,1,2,3:mid_heads_L12",1.0,A,A,1,-54.987834061612375,-54.987834061612375,2.3286094665527344
mid_heads_L12@1,induction,induction,induction_003,"head_mask:head:L12:H0,1,2,3:mid_heads_L12",1.0,A,A,1,-59.14833950915272,-59.14833950915272,4.001177787780762
mid_heads_L12@1,induction,induction,induction_004,"head_mask:head:L12:H0,1,2,3:mid_heads_L12",1.0,A,A,1,-52.77636616144446,-52.77636616144446,14.662117004394531
mid_heads_L12@1,coreference,coreference,coref_001,"head_mask:head:L12:H0,1,2,3:mid_heads_L12",1.0,A,A,1,-53.72866671974771,-53.72866671974771,0.27614927291870117
mid_heads_L12@1,coreference,coreference,coref_002,"head_mask:head:L12:H0,1,2,3:mid_heads_L12",1.0,A,A,1,-51.95556243136525,-51.95556243136525,9.913208246231079
mid_heads_L12@1,coreference,coreference,coref_003,"head_mask:head:L12:H0,1,2,3:mid_heads_L12",1.0,A,A,1,-47.53877550456673,-47.53877550456673,13.554600238800049
mid_heads_L12@1,coreference,coreference,coref_004,"head_mask:head:L12:H0,1,2,3:mid_heads_L12",1.0,A,A,1,-56.73518734797835,-56.73518734797835,5.724215030670166
mid_heads_L12@1,syntax_agreement,syntax_agreement,syntax_001,"head_mask:head:L12:H0,1,2,3:mid_heads_L12",1.0,A,A,1,-59.25832949555479,-59.25832949555479,0.4682188034057617
mid_heads_L12@1,syntax_agreement,syntax_agreement,syntax_002,"head_mask:head:L12:H0,1,2,3:mid_heads_L12",1.0,A,A,1,-54.745100307278335,-54.745100307278335,12.729162400122732
mid_heads_L12@1,syntax_agreement,syntax_agreement,syntax_003,"head_mask:head:L12:H0,1,2,3:mid_heads_L12",1.0,B,A,0,-59.880358974216506,-58.88070801901631,-0.9996509552001953
mid_heads_L12@1,syntax_agreement,syntax_agreement,syntax_004,"head_mask:head:L12:H0,1,2,3:mid_heads_L12",1.0,B,A,0,-63.14336550049484,-61.507207510992885,-1.6361579895019531
mid_heads_L12@1.5,recency_bias,recency_bias,recency_001,"head_mask:head:L12:H0,1,2,3:mid_heads_L12",1.5,B,A,0,-64.01022356376052,-62.80935209617019,-1.200871467590332
mid_heads_L12@1.5,recency_bias,recency_bias,recency_002,"head_mask:head:L12:H0,1,2,3:mid_heads_L12",1.5,B,A,0,-68.09639122337103,-64.18928196281195,-3.907109260559082
mid_heads_L12@1.5,recency_bias,recency_bias,recency_003,"head_mask:head:L12:H0,1,2,3:mid_heads_L12",1.5,B,A,0,-64.75193936191499,-61.44661099277437,-3.305328369140625
mid_heads_L12@1.5,recency_bias,recency_bias,recency_004,"head_mask:head:L12:H0,1,2,3:mid_heads_L12",1.5,A,A,1,-63.68796043097973,-63.68796043097973,0.619044303894043
mid_heads_L12@1.5,capitalization,capitalization,caps_001,"head_mask:head:L12:H0,1,2,3:mid_heads_L12",1.5,B,A,0,-48.870550252497196,-48.822052635252476,-0.04849761724472046
mid_heads_L12@1.5,capitalization,capitalization,caps_002,"head_mask:head:L12:H0,1,2,3:mid_heads_L12",1.5,A,A,1,-53.513074072950985,-53.513074072950985,5.08486170793185
mid_heads_L12@1.5,capitalization,capitalization,caps_003,"head_mask:head:L12:H0,1,2,3:mid_heads_L12",1.5,A,A,1,-56.24059109570226,-56.24059109570226,0.912266731262207
mid_heads_L12@1.5,capitalization,capitalization,caps_004,"head_mask:head:L12:H0,1,2,3:mid_heads_L12",1.5,B,A,0,-53.78720615670318,-51.215851290675346,-2.571354866027832
mid_heads_L12@1.5,induction,induction,induction_001,"head_mask:head:L12:H0,1,2,3:mid_heads_L12",1.5,A,A,1,-59.0129520794726,-59.0129520794726,5.000205993652344
mid_heads_L12@1.5,induction,induction,induction_002,"head_mask:head:L12:H0,1,2,3:mid_heads_L12",1.5,A,A,1,-54.81999019923387,-54.81999019923387,2.1944594383239746
mid_heads_L12@1.5,induction,induction,induction_003,"head_mask:head:L12:H0,1,2,3:mid_heads_L12",1.5,A,A,1,-58.87168991100771,-58.87168991100771,4.082842826843262
mid_heads_L12@1.5,induction,induction,induction_004,"head_mask:head:L12:H0,1,2,3:mid_heads_L12",1.5,A,A,1,-52.70960682950681,-52.70960682950681,14.275693416595459
mid_heads_L12@1.5,coreference,coreference,coref_001,"head_mask:head:L12:H0,1,2,3:mid_heads_L12",1.5,A,A,1,-53.69707009929698,-53.69707009929698,0.25274133682250977
mid_heads_L12@1.5,coreference,coreference,coref_002,"head_mask:head:L12:H0,1,2,3:mid_heads_L12",1.5,A,A,1,-52.22187716513872,-52.22187716513872,9.738848209381104
mid_heads_L12@1.5,coreference,coreference,coref_003,"head_mask:head:L12:H0,1,2,3:mid_heads_L12",1.5,A,A,1,-47.70689256442711,-47.70689256442711,13.55999755859375
mid_heads_L12@1.5,coreference,coreference,coref_004,"head_mask:head:L12:H0,1,2,3:mid_heads_L12",1.5,A,A,1,-55.968395659700036,-55.968395659700036,5.944601058959961
mid_heads_L12@1.5,syntax_agreement,syntax_agreement,syntax_001,"head_mask:head:L12:H0,1,2,3:mid_heads_L12",1.5,A,A,1,-59.844014391768724,-59.844014391768724,0.4756612777709961
mid_heads_L12@1.5,syntax_agreement,syntax_agreement,syntax_002,"head_mask:head:L12:H0,1,2,3:mid_heads_L12",1.5,A,A,1,-53.57727091666311,-53.57727091666311,13.248112980276346
mid_heads_L12@1.5,syntax_agreement,syntax_agreement,syntax_003,"head_mask:head:L12:H0,1,2,3:mid_heads_L12",1.5,B,A,0,-58.04093916155398,-57.76399595476687,-0.2769432067871094
mid_heads_L12@1.5,syntax_agreement,syntax_agreement,syntax_004,"head_mask:head:L12:H0,1,2,3:mid_heads_L12",1.5,B,A,0,-61.68519407324493,-60.187116680666804,-1.498077392578125
experts_L8@0,recency_bias,recency_bias,recency_001,"expert_mask:expert:L8:E0,1,2,3:experts_L8",0.0,B,A,0,-64.87158472463489,-64.49318582937121,-0.3783988952636719
experts_L8@0,recency_bias,recency_bias,recency_002,"expert_mask:expert:L8:E0,1,2,3:experts_L8",0.0,B,A,0,-69.05694073438644,-64.83255165815353,-4.22438907623291
experts_L8@0,recency_bias,recency_bias,recency_003,"expert_mask:expert:L8:E0,1,2,3:experts_L8",0.0,B,A,0,-65.66000110283494,-62.386333767324686,-3.273667335510254
experts_L8@0,recency_bias,recency_bias,recency_004,"expert_mask:expert:L8:E0,1,2,3:experts_L8",0.0,A,A,1,-62.918943256139755,-62.918943256139755,0.7923440933227539
experts_L8@0,capitalization,capitalization,caps_001,"expert_mask:expert:L8:E0,1,2,3:experts_L8",0.0,A,A,1,-48.59891289100051,-48.59891289100051,0.12279349565505981
experts_L8@0,capitalization,capitalization,caps_002,"expert_mask:expert:L8:E0,1,2,3:experts_L8",0.0,A,A,1,-53.4939472671831,-53.4939472671831,5.400221977033652
experts_L8@0,capitalization,capitalization,caps_003,"expert_mask:expert:L8:E0,1,2,3:experts_L8",0.0,A,A,1,-56.20347137807403,-56.20347137807403,1.2005882263183594
experts_L8@0,capitalization,capitalization,caps_004,"expert_mask:expert:L8:E0,1,2,3:experts_L8",0.0,B,A,0,-53.97977304286542,-51.29807162112775,-2.681701421737671
experts_L8@0,induction,induction,induction_001,"expert_mask:expert:L8:E0,1,2,3:experts_L8",0.0,A,A,1,-59.20732825229061,-59.20732825229061,5.276138484477997
experts_L8@0,induction,induction,induction_002,"expert_mask:expert:L8:E0,1,2,3:experts_L8",0.0,A,A,1,-54.437717344466364,-54.437717344466364,2.6148900985717773
experts_L8@0,induction,induction,induction_003,"expert_mask:expert:L8:E0,1,2,3:experts_L8",0.0,A,A,1,-59.186417339893524,-59.186417339893524,3.8880176544189453
experts_L8@0,induction,induction,induction_004,"expert_mask:expert:L8:E0,1,2,3:experts_L8",0.0,A,A,1,-52.46062240318861,-52.46062240318861,14.6543288230896
experts_L8@0,coreference,coreference,coref_001,"expert_mask:expert:L8:E0,1,2,3:experts_L8",0.0,B,A,0,-54.50365537509788,-53.93693202838767,-0.5667233467102051
experts_L8@0,coreference,coreference,coref_002,"expert_mask:expert:L8:E0,1,2,3:experts_L8",0.0,A,A,1,-52.75101880542934,-52.75101880542934,9.963499069213867
experts_L8@0,coreference,coreference,coref_003,"expert_mask:expert:L8:E0,1,2,3:experts_L8",0.0,A,A,1,-48.520960153546184,-48.520960153546184,13.438456058502197
experts_L8@0,coreference,coreference,coref_004,"expert_mask:expert:L8:E0,1,2,3:experts_L8",0.0,A,A,1,-57.59155028639361,-57.59155028639361,5.457734107971191
experts_L8@0,syntax_agreement,syntax_agreement,syntax_001,"expert_mask:expert:L8:E0,1,2,3:experts_L8",0.0,A,A,1,-60.05157015984878,-60.05157015984878,0.3221731185913086
experts_L8@0,syntax_agreement,syntax_agreement,syntax_002,"expert_mask:expert:L8:E0,1,2,3:experts_L8",0.0,A,A,1,-53.19089571386576,-53.19089571386576,12.430089252069592
experts_L8@0,syntax_agreement,syntax_agreement,syntax_003,"expert_mask:expert:L8:E0,1,2,3:experts_L8",0.0,B,A,0,-57.885988663416356,-57.505670975428075,-0.38031768798828125
experts_L8@0,syntax_agreement,syntax_agreement,syntax_004,"expert_mask:expert:L8:E0,1,2,3:experts_L8",0.0,B,A,0,-62.392424646764994,-60.84456354752183,-1.547861099243164
experts_L8@0.5,recency_bias,recency_bias,recency_001,"expert_mask:expert:L8:E0,1,2,3:experts_L8",0.5,B,A,0,-65.84081127867103,-65.24105694517493,-0.5997543334960938
experts_L8@0.5,recency_bias,recency_bias,recency_002,"expert_mask:expert:L8:E0,1,2,3:experts_L8",0.5,B,A,0,-69.48199233412743,-65.39775428175926,-4.084238052368164
experts_L8@0.5,recency_bias,recency_bias,recency_003,"expert_mask:expert:L8:E0,1,2,3:experts_L8",0.5,B,A,0,-64.3720827177167,-61.503082282841206,-2.8690004348754883
experts_L8@0.5,recency_bias,recency_bias,recency_004,"expert_mask:expert:L8:E0,1,2,3:experts_L8",0.5,A,A,1,-63.400145664811134,-63.400145664811134,0.929595947265625
experts_L8@0.5,capitalization,capitalization,caps_001,"expert_mask:expert:L8:E0,1,2,3:experts_L8",0.5,B,A,0,-49.140348533168435,-48.87019286490977,-0.270155668258667
experts_L8@0.5,capitalization,capitalization,caps_002,"expert_mask:expert:L8:E0,1,2,3:experts_L8",0.5,A,A,1,-53.422581109334715,-53.422581109334715,5.37498635816155
experts_L8@0.5,capitalization,capitalization,caps_003,"expert_mask:expert:L8:E0,1,2,3:experts_L8",0.5,A,A,1,-54.89180174085777,-54.89180174085777,1.5285093784332275
experts_L8@0.5,capitalization,capitalization,caps_004,"expert_mask:expert:L8:E0,1,2,3:experts_L8",0.5,B,A,0,-54.16976832575165,-51.60679268068634,-2.5629756450653076
experts_L8@0.5,induction,induction,induction_001,"expert_mask:expert:L8:E0,1,2,3:experts_L8",0.5,A,A,1,-59.578360958592384,-59.578360958592384,4.853924334049225
experts_L8@0.5,induction,induction,induction_002,"expert_mask:expert:L8:E0,1,2,3:experts_L8",0.5,A,A,1,-54.23134931450477,-54.23134931450477,2.2001953125
experts_L8@0.5,induction,induction,induction_003,"expert_mask:expert:L8:E0,1,2,3:experts_L8",0.5,A,A,1,-58.434258698605845,-58.434258698605845,4.080532073974609
experts_L8@0.5,induction,induction,induction_004,"expert_mask:expert:L8:E0,1,2,3:experts_L8",0.5,A,A,1,-52.79791578208096,-52.79791578208096,14.261067390441895
experts_L8@0.5,coreference,coreference,coref_001,"expert_mask:expert:L8:E0,1,2,3:experts_L8",0.5,B,A,0,-55.22743368241936,-54.38452005479485,-0.8429136276245117
experts_L8@0.5,coreference,coreference,coref_002,"expert_mask:expert:L8:E0,1,2,3:experts_L8",0.5,A,A,1,-52.001596335321665,-52.001596335321665,10.028881549835205
experts_L8@0.5,coreference,coreference,coref_003,"expert_mask:expert:L8:E0,1,2,3:experts_L8",0.5,A,A,1,-47.722459585405886,-47.722459585405886,13.479584217071533
experts_L8@0.5,coreference,coreference,coref_004,"expert_mask:expert:L8:E0,1,2,3:experts_L8",0.5,A,A,1,-57.910143793560565,-57.910143793560565,5.805055618286133
experts_L8@0.5,syntax_agreement,syntax_agreement,syntax_001,"expert_mask:expert:L8:E0,1,2,3:experts_L8",0.5,A,A,1,-60.17076771892607,-60.17076771892607,0.38672637939453125
experts_L8@0.5,syntax_agreement,syntax_agreement,syntax_002,"expert_mask:expert:L8:E0,1,2,3:experts_L8",0.5,A,A,1,-53.96316651534289,-53.96316651534289,12.28135863179341
experts_L8@0.5,syntax_agreement,syntax_agreement,syntax_003,"expert_mask:expert:L8:E0,1,2,3:experts_L8",0.5,B,A,0,-59.25476209225599,-58.12212983670179,-1.1326322555541992
experts_L8@0.5,syntax_agreement,syntax_agreement,syntax_004,"expert_mask:expert:L8:E0,1,2,3:experts_L8",0.5,B,A,0,-63.13694476522505,-62.17184161581099,-0.9651031494140625
experts_L8@1,recency_bias,recency_bias,recency_001,"expert_mask:expert:L8:E0,1,2,3:experts_L8",1.0,B,A,0,-65.42438961565495,-64.4944665580988,-0.9299230575561523
experts_L8@1,recency_bias,recency_bias,recency_002,"expert_mask:expert:L8:E0,1,2,3:experts_L8",1.0,B,A,0,-68.91151515394449,-65.00925151258707,-3.902263641357422
experts_L8@1,recency_bias,recency_bias,recency_003,"expert_mask:expert:L8:E0,1,2,3:experts_L8",1.0,B,A,0,-65.09561682492495,-62.01023817807436,-3.085378646850586
experts_L8@1,recency_bias,recency_bias,recency_004,"expert_mask:expert:L8:E0,1,2,3:experts_L8",1.0,A,A,1,-63.49947588145733,-63.49947588145733,0.59375
experts_L8@1,capitalization,capitalization,caps_001,"expert_mask:expert:L8:E0,1,2,3:experts_L8",1.0,B,A,0,-49.42946793884039,-49.294054709374905,-0.13541322946548462
experts_L8@1,capitalization,capitalization,caps_002,"expert_mask:expert:L8:E0,1,2,3:experts_L8",1.0,A,A,1,-53.66312364023179,-53.66312364023179,5.071596838533878
experts_L8@1,capitalization,capitalization,caps_003,"expert_mask:expert:L8:E0,1,2,3:experts_L8",1.0,A,A,1,-55.017660405283095,-55.017660405283095,1.0010238885879517
experts_L8@1,capitalization,capitalization,caps_004,"expert_mask:expert:L8:E0,1,2,3:experts_L8",1.0,B,A,0,-53.9323884149926,-51.41062032188347,-2.521768093109131
experts_L8@1,induction,induction,induction_001,"expert_mask:expert:L8:E0,1,2,3:experts_L8",1.0,A,A,1,-59.631591418452444,-59.631591418452444,5.174496650695801
experts_L8@1,induction,induction,induction_002,"expert_mask:expert:L8:E0,1,2,3:experts_L8",1.0,A,A,1,-54.987834061612375,-54.987834061612375,2.3286094665527344
experts_L8@1,induction,induction,induction_003,"expert_mask:expert:L8:E0,1,2,3:experts_L8",1.0,A,A,1,-59.14833950915272,-59.14833950915272,4.001177787780762
experts_L8@1,induction,induction,induction_004,"expert_mask:expert:L8:E0,1,2,3:experts_L8",1.0,A,A,1,-52.77636616144446,-52.77636616144446,14.662117004394531
experts_L8@1,coreference,coreference,coref_001,"expert_mask:expert:L8:E0,1,2,3:experts_L8",1.0,A,A,1,-53.72866671974771,-53.72866671974771,0.27614927291870117
experts_L8@1,coreference,coreference,coref_002,"expert_mask:expert:L8:E0,1,2,3:experts_L8",1.0,A,A,1,-51.95556243136525,-51.95556243136525,9.913208246231079
experts_L8@1,coreference,coreference,coref_003,"expert_mask:expert:L8:E0,1,2,3:experts_L8",1.0,A,A,1,-47.53877550456673,-47.53877550456673,13.554600238800049
experts_L8@1,coreference,coreference,coref_004,"expert_mask:expert:L8:E0,1,2,3:experts_L8",1.0,A,A,1,-56.73518734797835,-56.73518734797835,5.724215030670166
experts_L8@1,syntax_agreement,syntax_agreement,syntax_001,"expert_mask:expert:L8:E0,1,2,3:experts_L8",1.0,A,A,1,-59.25832949555479,-59.25832949555479,0.4682188034057617
experts_L8@1,syntax_agreement,syntax_agreement,syntax_002,"expert_mask:expert:L8:E0,1,2,3:experts_L8",1.0,A,A,1,-54.745100307278335,-54.745100307278335,12.729162400122732
experts_L8@1,syntax_agreement,syntax_agreement,syntax_003,"expert_mask:expert:L8:E0,1,2,3:experts_L8",1.0,B,A,0,-59.880358974216506,-58.88070801901631,-0.9996509552001953
experts_L8@1,syntax_agreement,syntax_agreement,syntax_004,"expert_mask:expert:L8:E0,1,2,3:experts_L8",1.0,B,A,0,-63.14336550049484,-61.507207510992885,-1.6361579895019531
experts_L8@1.5,recency_bias,recency_bias,recency_001,"expert_mask:expert:L8:E0,1,2,3:experts_L8",1.5,B,A,0,-64.38783095404506,-63.524260740727186,-0.8635702133178711
experts_L8@1.5,recency_bias,recency_bias,recency_002,"expert_mask:expert:L8:E0,1,2,3:experts_L8",1.5,B,A,0,-67.80528512224555,-63.93745198473334,-3.867833137512207
experts_L8@1.5,recency_bias,recency_bias,recency_003,"expert_mask:expert:L8:E0,1,2,3:experts_L8",1.5,B,A,0,-65.29806923493743,-61.807156797498465,-3.490912437438965
experts_L8@1.5,recency_bias,recency_bias,recency_004,"expert_mask:expert:L8:E0,1,2,3:experts_L8",1.5,A,A,1,-62.62191820144653,-62.62191820144653,1.391122817993164
experts_L8@1.5,capitalization,capitalization,caps_001,"expert_mask:expert:L8:E0,1,2,3:experts_L8",1.5,B,A,0,-48.53171396255493,-48.15387845039368,-0.3778355121612549
experts_L8@1.5,capitalization,capitalization,caps_002,"expert_mask:expert:L8:E0,1,2,3:experts_L8",1.5,A,A,1,-52.980562628246844,-52.980562628246844,5.253992748563178
experts_L8@1.5,capitalization,capitalization,caps_003,"expert_mask:expert:L8:E0,1,2,3:experts_L8",1.5,A,A,1,-55.218342269654386,-55.218342269654386,0.9188358783721924
experts_L8@1.5,capitalization,capitalization,caps_004,"expert_mask:expert:L8:E0,1,2,3:experts_L8",1.5,B,A,0,-53.587759716960136,-50.96947072312469,-2.618288993835449
experts_L8@1.5,induction,induction,induction_001,"expert_mask:expert:L8:E0,1,2,3:experts_L8",1.5,A,A,1,-60.15474384425761,-60.15474384425761,4.6253175139427185
experts_L8@1.5,induction,induction,induction_002,"expert_mask:expert:L8:E0,1,2,3:experts_L8",1.5,A,A,1,-55.38840276107658,-55.38840276107658,2.130138397216797
experts_L8@1.5,induction,induction,induction_003,"expert_mask:expert:L8:E0,1,2,3:experts_L8",1.5,A,A,1,-59.63017344340915,-59.63017344340915,3.92171573638916
experts_L8@1.5,induction,induction,induction_004,"expert_mask:expert:L8:E0,1,2,3:experts_L8",1.5,A,A,1,-52.55885857663816,-52.55885857663816,14.957194805145264
experts_L8@1.5,coreference,coreference,coref_001,"expert_mask:expert:L8:E0,1,2,3:experts_L8",1.5,A,A,1,-53.775948668597266,-53.775948668597266,0.005976200103759766
experts_L8@1.5,coreference,coreference,coref_002,"expert_mask:expert:L8:E0,1,2,3:experts_L8",1.5,A,A,1,-51.463770447298884,-51.463770447298884,10.279851913452148
experts_L8@1.5,coreference,coreference,coref_003,"expert_mask:expert:L8:E0,1,2,3:experts_L8",1.5,A,A,1,-47.59080532193184,-47.59080532193184,13.382404804229736
experts_L8@1.5,coreference,coreference,coref_004,"expert_mask:expert:L8:E0,1,2,3:experts_L8",1.5,A,A,1,-58.05852161021903,-58.05852161021903,5.6558942794799805
experts_L8@1.5,syntax_agreement,syntax_agreement,syntax_001,"expert_mask:expert:L8:E0,1,2,3:experts_L8",1.5,A,A,1,-58.351164158433676,-58.351164158433676,0.20983219146728516
experts_L8@1.5,syntax_agreement,syntax_agreement,syntax_002,"expert_mask:expert:L8:E0,1,2,3:experts_L8",1.5,A,A,1,-53.49905818095431,-53.49905818095431,13.022666692268103
experts_L8@1.5,syntax_agreement,syntax_agreement,syntax_003,"expert_mask:expert:L8:E0,1,2,3:experts_L8",1.5,B,A,0,-58.45998582104221,-58.095724193844944,-0.3642616271972656
experts_L8@1.5,syntax_agreement,syntax_agreement,syntax_004,"expert_mask:expert:L8:E0,1,2,3:experts_L8",1.5,B,A,0,-62.88698762468994,-61.19494813494384,-1.6920394897460938
layer_scale_L20@0,recency_bias,recency_bias,recency_001,layer_scale:layer:L20:layer_scale_L20,0.0,B,A,0,-76.38582134246826,-73.48738384246826,-2.8984375
layer_scale_L20@0,recency_bias,recency_bias,recency_002,layer_scale:layer:L20:layer_scale_L20,0.0,A,A,1,-73.79813861846924,-73.79813861846924,10.031250953674316
layer_scale_L20@0,recency_bias,recency_bias,recency_003,layer_scale:layer:L20:layer_scale_L20,0.0,A,A,1,-71.98191547393799,-71.98191547393799,8.031250953674316
layer_scale_L20@0,recency_bias,recency_bias,recency_004,layer_scale:layer:L20:layer_scale_L20,0.0,A,A,1,-74.61063861846924,-74.61063861846924,1.546875
layer_scale_L20@0,capitalization,capitalization,caps_001,layer_scale:layer:L20:layer_scale_L20,0.0,B,A,0,-71.82050037384033,-70.37518787384033,-1.4453125
layer_scale_L20@0,capitalization,capitalization,caps_002,layer_scale:layer:L20:layer_scale_L20,0.0,A,A,1,-72.28486347198486,-72.28486347198486,8.223835945129395
layer_scale_L20@0,capitalization,capitalization,caps_003,layer_scale:layer:L20:layer_scale_L20,0.0,A,A,1,-75.0185604095459,-75.0185604095459,0.328125
layer_scale_L20@0,capitalization,capitalization,caps_004,layer_scale:layer:L20:layer_scale_L20,0.0,B,A,0,-74.6022539138794,-73.15193557739258,-1.4503183364868164
layer_scale_L20@0,induction,induction,induction_001,layer_scale:layer:L20:layer_scale_L20,0.0,B,A,0,-82.09378051757812,-81.06253051757812,-1.03125
layer_scale_L20@0,induction,induction,induction_002,layer_scale:layer:L20:layer_scale_L20,0.0,B,A,0,-74.0107479095459,-69.8310604095459,-4.1796875
layer_scale_L20@0,induction,induction,induction_003,layer_scale:layer:L20:layer_scale_L20,0.0,B,A,0,-90.8058385848999,-90.7277135848999,-0.078125
layer_scale_L20@0,induction,induction,induction_004,layer_scale:layer:L20:layer_scale_L20,0.0,B,A,0,-72.1474666595459,-70.7373104095459,-1.41015625
layer_scale_L20@0,coreference,coreference,coref_001,layer_scale:layer:L20:layer_scale_L20,0.0,A,A,1,-66.02130889892578,-66.02130889892578,0.84375
layer_scale_L20@0,coreference,coreference,coref_002,layer_scale:layer:L20:layer_scale_L20,0.0,A,A,1,-68.53491020202637,-68.53491020202637,4.53125
layer_scale_L20@0,coreference,coreference,coref_003,layer_scale:layer:L20:layer_scale_L20,0.0,B,A,0,-71.18677806854248,-70.13990306854248,-1.046875
layer_scale_L20@0,coreference,coreference,coref_004,layer_scale:layer:L20:layer_scale_L20,0.0,A,A,1,-74.03425884246826,-74.03425884246826,3.1702880859375
layer_scale_L20@0,syntax_agreement,syntax_agreement,syntax_001,layer_scale:layer:L20:layer_scale_L20,0.0,A,A,1,-69.38350009918213,-69.38350009918213,2.859375
layer_scale_L20@0,syntax_agreement,syntax_agreement,syntax_002,layer_scale:layer:L20:layer_scale_L20,0.0,B,A,0,-93.15916633605957,-74.62178134918213,-18.53738498687744
layer_scale_L20@0,syntax_agreement,syntax_agreement,syntax_003,layer_scale:layer:L20:layer_scale_L20,0.0,A,A,1,-72.68037509918213,-72.68037509918213,2.3828125
layer_scale_L20@0,syntax_agreement,syntax_agreement,syntax_004,layer_scale:layer:L20:layer_scale_L20,0.0,B,A,0,-76.9419298171997,-74.2583360671997,-2.68359375
layer_scale_L20@0.5,recency_bias,recency_bias,recency_001,layer_scale:layer:L20:layer_scale_L20,0.5,B,A,0,-46.60402196832001,-45.211172046139836,-1.3928499221801758
layer_scale_L20@0.5,recency_bias,recency_bias,recency_002,layer_scale:layer:L20:layer_scale_L20,0.5,B,A,0,-50.991982724517584,-46.25558307394385,-4.7363996505737305
layer_scale_L20@0.5,recency_bias,recency_bias,recency_003,layer_scale:layer:L20:layer_scale_L20,0.5,B,A,0,-49.58636587345973,-44.53763502324,-5.048730850219727
layer_scale_L20@0.5,recency_bias,recency_bias,recency_004,layer_scale:layer:L20:layer_scale_L20,0.5,B,A,0,-44.83738802373409,-42.42578123509884,-2.411606788635254
layer_scale_L20@0.5,capitalization,capitalization,caps_001,layer_scale:layer:L20:layer_scale_L20,0.5,A,A,1,-33.95815500989556,-33.95815500989556,0.1753550237044692
layer_scale_L20@0.5,capitalization,capitalization,caps_002,layer_scale:layer:L20:layer_scale_L20,0.5,A,A,1,-46.369895309209824,-46.369895309209824,4.970946887129685
layer_scale_L20@0.5,capitalization,capitalization,caps_003,layer_scale:layer:L20:layer_scale_L20,0.5,A,A,1,-45.87470237677917,-45.87470237677917,0.8415769338607788
layer_scale_L20@0.5,capitalization,capitalization,caps_004,layer_scale:layer:L20:layer_scale_L20,0.5,B,A,0,-41.02442238054937,-39.53686361334985,-1.4875587671995163
layer_scale_L20@0.5,induction,induction,induction_001,layer_scale:layer:L20:layer_scale_L20,0.5,A,A,1,-42.893715102924034,-42.893715102924034,7.907878994941711
layer_scale_L20@0.5,induction,induction,induction_002,layer_scale:layer:L20:layer_scale_L20,0.5,A,A,1,-47.39849372807657,-47.39849372807657,3.0367367267608643
layer_scale_L20@0.5,induction,induction,induction_003,layer_scale:layer:L20:layer_scale_L20,0.5,A,A,1,-50.54504155587347,-50.54504155587347,4.219269752502441
layer_scale_L20@0.5,induction,induction,induction_004,layer_scale:layer:L20:layer_scale_L20,0.5,A,A,1,-39.29490395600442,-39.29490395600442,18.644577383995056
layer_scale_L20@0.5,coreference,coreference,coref_001,layer_scale:layer:L20:layer_scale_L20,0.5,B,A,0,-42.47017743671313,-41.48659494007006,-0.9835824966430664
layer_scale_L20@0.5,coreference,coreference,coref_002,layer_scale:layer:L20:layer_scale_L20,0.5,A,A,1,-36.79335242137313,-36.79335242137313,10.854394912719727
layer_scale_L20@0.5,coreference,coreference,coref_003,layer_scale:layer:L20:layer_scale_L20,0.5,A,A,1,-34.31886826036498,-34.31886826036498,15.445513010025024
layer_scale_L20@0.5,coreference,coreference,coref_004,layer_scale:layer:L20:layer_scale_L20,0.5,A,A,1,-41.82313641044311,-41.82313641044311,5.974797248840332
layer_scale_L20@0.5,syntax_agreement,syntax_agreement,syntax_001,layer_scale:layer:L20:layer_scale_L20,0.5,A,A,1,-52.15922495909035,-52.15922495909035,0.3205556869506836
layer_scale_L20@0.5,syntax_agreement,syntax_agreement,syntax_002,layer_scale:layer:L20:layer_scale_L20,0.5,A,A,1,-42.95027940534055,-42.95027940534055,13.050127538852394
layer_scale_L20@0.5,syntax_agreement,syntax_agreement,syntax_003,layer_scale:layer:L20:layer_scale_L20,0.5,B,A,0,-52.96523538324982,-51.09527269098908,-1.8699626922607422
layer_scale_L20@0.5,syntax_agreement,syntax_agreement,syntax_004,layer_scale:layer:L20:layer_scale_L20,0.5,B,A,0,-53.370410131756216,-49.711586164776236,-3.6588239669799805
layer_scale_L20@1,recency_bias,recency_bias,recency_001,layer_scale:layer:L20:layer_scale_L20,1.0,B,A,0,-65.42438961565495,-64.4944665580988,-0.9299230575561523
layer_scale_L20@1,recency_bias,recency_bias,recency_002,layer_scale:layer:L20:layer_scale_L20,1.0,B,A,0,-68.91151515394449,-65.00925151258707,-3.902263641357422
layer_scale_L20@1,recency_bias,recency_bias,recency_003,layer_scale:layer:L20:layer_scale_L20,1.0,B,A,0,-65.09561682492495,-62.01023817807436,-3.085378646850586
layer_scale_L20@1,recency_bias,recency_bias,recency_004,layer_scale:layer:L20:layer_scale_L20,1.0,A,A,1,-63.49947588145733,-63.49947588145733,0.59375
layer_scale_L20@1,capitalization,capitalization,caps_001,layer_scale:layer:L20:layer_scale_L20,1.0,B,A,0,-49.42946793884039,-49.294054709374905,-0.13541322946548462
layer_scale_L20@1,capitalization,capitalization,caps_002,layer_scale:layer:L20:layer_scale_L20,1.0,A,A,1,-53.66312364023179,-53.66312364023179,5.071596838533878
layer_scale_L20@1,capitalization,capitalization,caps_003,layer_scale:layer:L20:layer_scale_L20,1.0,A,A,1,-55.017660405283095,-55.017660405283095,1.0010238885879517
layer_scale_L20@1,capitalization,capitalization,caps_004,layer_scale:layer:L20:layer_scale_L20,1.0,B,A,0,-53.9323884149926,-51.41062032188347,-2.521768093109131
layer_scale_L20@1,induction,induction,induction_001,layer_scale:layer:L20:layer_scale_L20,1.0,A,A,1,-59.631591418452444,-59.631591418452444,5.174496650695801
layer_scale_L20@1,induction,induction,induction_002,layer_scale:layer:L20:layer_scale_L20,1.0,A,A,1,-54.987834061612375,-54.987834061612375,2.3286094665527344
layer_scale_L20@1,induction,induction,induction_003,layer_scale:layer:L20:layer_scale_L20,1.0,A,A,1,-59.14833950915272,-59.14833950915272,4.001177787780762
layer_scale_L20@1,induction,induction,induction_004,layer_scale:layer:L20:layer_scale_L20,1.0,A,A,1,-52.77636616144446,-52.77636616144446,14.662117004394531
layer_scale_L20@1,coreference,coreference,coref_001,layer_scale:layer:L20:layer_scale_L20,1.0,A,A,1,-53.72866671974771,-53.72866671974771,0.27614927291870117
layer_scale_L20@1,coreference,coreference,coref_002,layer_scale:layer:L20:layer_scale_L20,1.0,A,A,1,-51.95556243136525,-51.95556243136525,9.913208246231079
layer_scale_L20@1,coreference,coreference,coref_003,layer_scale:layer:L20:layer_scale_L20,1.0,A,A,1,-47.53877550456673,-47.53877550456673,13.554600238800049
layer_scale_L20@1,coreference,coreference,coref_004,layer_scale:layer:L20:layer_scale_L20,1.0,A,A,1,-56.73518734797835,-56.73518734797835,5.724215030670166
layer_scale_L20@1,syntax_agreement,syntax_agreement,syntax_001,layer_scale:layer:L20:layer_scale_L20,1.0,A,A,1,-59.25832949555479,-59.25832949555479,0.4682188034057617
layer_scale_L20@1,syntax_agreement,syntax_agreement,syntax_002,layer_scale:layer:L20:layer_scale_L20,1.0,A,A,1,-54.745100307278335,-54.745100307278335,12.729162400122732
layer_scale_L20@1,syntax_agreement,syntax_agreement,syntax_003,layer_scale:layer:L20:layer_scale_L20,1.0,B,A,0,-59.880358974216506,-58.88070801901631,-0.9996509552001953
layer_scale_L20@1,syntax_agreement,syntax_agreement,syntax_004,layer_scale:layer:L20:layer_scale_L20,1.0,B,A,0,-63.14336550049484,-61.507207510992885,-1.6361579895019531
layer_scale_L20@2,recency_bias,recency_bias,recency_001,layer_scale:layer:L20:layer_scale_L20,2.0,B,A,0,-60.10023870319127,-58.74158944934606,-1.3586492538452148
layer_scale_L20@2,recency_bias,recency_bias,recency_002,layer_scale:layer:L20:layer_scale_L20,2.0,B,A,0,-64.39006870985031,-60.757284820079796,-3.632783889770515
layer_scale_L20@2,recency_bias,recency_bias,recency_003,layer_scale:layer:L20:layer_scale_L20,2.0,B,A,0,-60.16837666742481,-57.16222069971241,-3.0061559677124023
layer_scale_L20@2,recency_bias,recency_bias,recency_004,layer_scale:layer:L20:layer_scale_L20,2.0,B,A,0,-59.34862529486417,-59.25346099585294,-0.09516429901123047
layer_scale_L20@2,capitalization,capitalization,caps_001,layer_scale:layer:L20:layer_scale_L20,2.0,B,A,0,-47.621141240000725,-47.00327210128307,-0.6178691387176514
layer_scale_L20@2,capitalization,capitalization,caps_002,layer_scale:layer:L20:layer_scale_L20,2.0,A,A,1,-51.13443624600768,-51.13443624600768,4.003525086911395
layer_scale_L20@2,capitalization,capitalization,caps_003,layer_scale:layer:L20:layer_scale_L20,2.0,A,A,1,-49.156500893994235,-49.156500893994235,2.389626979827881
layer_scale_L20@2,capitalization,capitalization,caps_004,layer_scale:layer:L20:layer_scale_L20,2.0,B,A,0,-49.71527055592742,-47.29252675862517,-2.422743797302246
layer_scale_L20@2,induction,induction,induction_001,layer_scale:layer:L20:layer_scale_L20,2.0,A,A,1,-52.079715534404215,-52.079715534404215,4.99132639169693
layer_scale_L20@2,induction,induction,induction_002,layer_scale:layer:L20:layer_scale_L20,2.0,A,A,1,-48.11275508068502,-48.11275508068502,1.1260628700256348
layer_scale_L20@2,induction,induction,induction_003,layer_scale:layer:L20:layer_scale_L20,2.0,A,A,1,-50.70766854100651,-50.70766854100651,4.82855224609375
layer_scale_L20@2,induction,induction,induction_004,layer_scale:layer:L20:layer_scale_L20,2.0,A,A,1,-43.94347390317125,-43.94347390317125,10.988094329833984
layer_scale_L20@2,coreference,coreference,coref_001,layer_scale:layer:L20:layer_scale_L20,2.0,A,A,1,-46.480435810983174,-46.480435810983174,1.2657108306884766
layer_scale_L20@2,coreference,coreference,coref_002,layer_scale:layer:L20:layer_scale_L20,2.0,A,A,1,-47.84618660155683,-47.84618660155683,8.15845775604248
layer_scale_L20@2,coreference,coreference,coref_003,layer_scale:layer:L20:layer_scale_L20,2.0,A,A,1,-42.0842967624776,-42.0842967624776,10.167936325073242
layer_scale_L20@2,coreference,coreference,coref_004,layer_scale:layer:L20:layer_scale_L20,2.0,A,A,1,-52.892160827293985,-52.892160827293985,5.330127716064453
layer_scale_L20@2,syntax_agreement,syntax_agreement,syntax_001,layer_scale:layer:L20:layer_scale_L20,2.0,A,A,1,-51.342318044626154,-51.342318044626154,0.3009634017944336
layer_scale_L20@2,syntax_agreement,syntax_agreement,syntax_002,layer_scale:layer:L20:layer_scale_L20,2.0,A,A,1,-49.00922611588612,-49.00922611588612,11.990695019252598
layer_scale_L20@2,syntax_agreement,syntax_agreement,syntax_003,layer_scale:layer:L20:layer_scale_L20,2.0,B,A,0,-52.62753574736416,-52.073381351307034,-0.5541543960571289
layer_scale_L20@2,syntax_agreement,syntax_agreement,syntax_004,layer_scale:layer:L20:layer_scale_L20,2.0,B,A,0,-56.996968971565366,-55.486269699409604,-1.5106992721557617
